automated_behaviour,follower_following_ratio,user_biography_length,user_follower_count,user_following_count,user_has_external_url,user_has_highligh_reels,user_media_count,user_tags_count,username_digit_count,username_length
1,0.22678671918964546,133,1612,7108,1,0,97,36,0,12
1,3.3201754385964914,99,3028,912,0,1,863,77,0,11
1,4.505617978,120,5213,1157,1,1,149,56,0,18
1,7.046511627906977,55,12423,1763,0,0,33,2,0,13
1,3.9369817578772803,33,9496,2412,0,1,1000,91,0,8
1,2.8454461821527137,74,3093,1087,1,1,74,266,0,10
1,3.1361702127659576,85,5896,1880,0,1,277,39,0,11
1,2.840771153159586,138,7957,2801,1,1,176,57,0,10
1,2.466551326412918,150,4277,1734,1,1,477,314,0,7
1,8.200984413,85,9997,1219,0,1,230,196,0,11
1,19.25249169435216,89,5795,301,1,1,150,35,0,10
1,3.142540947321824,94,7099,2259,0,1,259,165,0,12
1,0.6356589147286822,71,1640,2580,1,1,254,54,0,14
1,2.890274314214464,57,1159,401,1,1,24,11,0,13
1,1.2062721672577936,44,6462,5357,0,1,74,14,0,6
1,10.331978319783198,144,7625,738,0,1,3,0,0,13
1,0.4664246823956443,112,1285,2755,0,1,584,31,0,14
1,3.2496251874062967,105,4335,1334,0,0,216,23,0,14
1,6.1225710014947685,137,4096,669,0,0,12,5,0,20
1,2.2836041358936483,13,1546,677,0,1,10,16,0,14
1,1.4329121540312877,146,4763,3324,0,1,93,1,0,19
1,2.391891891891892,75,1239,518,0,1,10,0,0,15
1,25.058441558441558,43,7718,308,0,0,655,24,0,11
1,4.438952197720882,108,29994,6757,1,1,487,512,0,15
1,5.548426150121065,120,4583,826,1,1,735,95,2,6
1,8.701842546063652,0,5195,597,1,0,22,6,0,12
1,1.8529688972667295,123,1966,1061,1,1,29,0,0,30
1,9.824199912319159,113,22409,2281,1,1,120,70,0,16
1,3.6878453038674035,125,4005,1086,1,0,1000,112,0,10
1,5.347301136363637,29,7529,1408,1,0,57,10,0,16
1,23.586113615870154,86,26157,1109,1,0,1000,79,0,16
1,5.768175582990398,117,8410,1458,1,1,201,157,0,18
1,23.63157894736842,99,898,38,1,0,354,20,0,7
1,7.507827415,144,19663,2619,1,1,828,325,0,7
1,1.4362380446333687,50,2703,1882,0,0,21,72,0,20
1,2.4878980891719746,139,3906,1570,1,0,75,9,0,19
1,30.107438016528924,29,10929,363,0,0,30,18,0,13
1,3.372093023255814,55,4205,1247,1,1,14,70,0,13
1,2.768181818181818,50,1827,660,1,1,54,44,0,16
1,2.6408045977011496,128,9190,3480,1,0,1000,37,3,15
1,9.383631713554987,128,3669,391,1,0,98,29,0,14
1,0.6614785992217899,107,850,1285,0,1,115,27,0,12
1,0.36118251928020567,0,562,1556,0,0,51,5,4,10
1,3.75498426,150,7157,1906,0,1,113,6,0,6
1,1.2414649286157666,90,2000,1611,0,1,78,176,2,14
1,6.357680174714875,119,26200,4121,1,1,1000,0,0,13
1,1.1892337681811367,36,7931,6669,0,1,67,27,2,10
1,0.801980198,82,324,404,0,0,39,0,0,9
1,1.3975686627645205,9,9312,6663,0,1,82,7,0,14
1,2.3325610783487782,144,11075,4748,1,1,97,49,2,8
1,25.20715166461159,52,20443,811,1,1,113,172,0,13
1,14.360878661087867,130,13729,956,1,0,75,1,0,12
1,1.0008032128514057,28,1246,1245,0,0,38,5,3,5
1,3.1265164644714036,97,1804,577,0,0,11,6,0,9
1,2.8975409836065573,114,1414,488,0,1,12,135,2,10
1,4.822123401889939,81,8675,1799,0,1,1000,205,0,18
1,1.3892423366107576,39,2402,1729,0,1,64,24,3,11
1,3.0448,73,1903,625,0,0,26,1,0,10
1,1.6335149863760219,150,2398,1468,0,1,327,165,1,8
1,5.292469802107427,87,20593,3891,1,1,141,512,0,12
1,0.9331325301204819,120,1549,1660,0,0,148,4,4,8
1,1.999090909090909,108,2199,1100,0,1,11,44,2,5
1,1.5348837209302326,8,264,172,0,0,4,5,2,12
1,1.8655383168782322,63,3968,2127,1,1,502,87,0,18
1,0.6514682012689981,132,4415,6777,1,1,65,2,1,22
1,1.604316547,12,669,417,0,1,38,2,0,14
1,20244,140,20244,1,1,1,473,1920,0,19
1,0.5561497326203209,133,1144,2057,0,1,59,33,0,8
1,1.6925064599483204,132,1310,774,1,0,91,5,0,13
1,0.16334661354581673,122,82,502,0,1,15,0,2,11
1,0.3702081051478642,53,338,913,0,0,14,1,0,7
1,1.0219435736677116,145,1956,1914,1,1,458,7,2,18
1,0.1773612112472963,87,492,2774,1,0,594,2,4,7
1,0.35592606016672707,73,982,2759,1,0,63,0,3,11
1,0.8036363636363636,92,884,1100,0,1,303,15,2,10
1,0.3458980044345898,0,156,451,0,0,1,0,0,10
1,0.4118372379778052,75,334,811,0,1,26,2,1,14
1,0.35432169433314253,78,619,1747,1,0,0,2,0,18
1,0.42431761786600497,58,342,806,0,1,36,5,6,11
1,1.5189504373177842,66,521,343,0,0,29,5,0,9
1,0.5902293120638086,56,592,1003,0,1,6,20,0,12
1,0.42436727486756914,67,721,1699,1,0,112,45,0,11
1,0.35617597292724196,136,421,1182,0,1,32,0,0,23
1,0.8333333333333334,6,925,1110,0,1,532,31,0,9
1,1.50390625,88,385,256,0,1,31,21,0,12
1,1.320456420126478,20,9605,7274,0,1,4,4,0,7
1,0.6809925812228191,130,2662,3909,1,1,170,9,0,7
1,1.7997021593447506,144,2417,1343,0,1,212,53,2,11
1,2.5081521739130435,116,11076,4416,1,1,1000,273,0,10
1,2.045751633986928,125,626,306,0,1,32,5,1,12
1,1.1457960644007155,131,3843,3354,1,1,258,27,0,21
1,1.3931451612903225,29,691,496,0,0,2,1,3,27
1,0.775,0,3038,3920,0,0,88,13,0,13
1,0.3528484575546048,112,1567,4441,0,0,30,24,0,19
1,0.2534411562284928,131,1473,5812,1,1,498,168,0,9
1,0.14551333872271624,100,180,1237,1,0,18,0,0,23
1,2.2827877507919747,138,10809,4735,1,1,304,48,0,9
1,0.2114067229568265,25,1327,6277,0,1,179,1,0,12
1,0.45741056218057924,17,1074,2348,0,0,0,0,0,16
1,1.0777777777777777,147,1940,1800,0,1,135,27,0,8
1,0.33976731887890005,98,1285,3782,0,0,4,0,0,13
1,0.3218552354181307,0,458,1423,0,0,27,0,0,14
1,10.38875816993464,149,39737,3825,1,1,99,219,0,17
1,0.10635864592863678,77,465,4372,0,0,41,12,0,12
1,3.251311647429171,27,6197,1906,0,1,130,11,0,16
1,6.787076271,144,12814,1888,1,1,1000,457,0,13
1,4.159814323607427,130,6273,1508,1,1,1000,3651,0,16
1,2.0395528804815135,141,4744,2326,1,1,524,24,0,11
1,8.830398517145506,115,9528,1079,0,1,263,148,0,13
1,0.8420485175202156,109,3124,3710,1,0,271,3,0,13
1,0.9135687732342007,50,1966,2152,0,0,232,3,0,16
1,1.4476190476190476,6,760,525,0,0,22,14,0,9
1,0.9330874604847208,15,1771,1898,0,0,58,0,0,9
1,0.7532771535580525,84,4827,6408,1,0,672,315,0,17
1,5.908226691042048,29,16159,2735,1,1,130,26,0,11
1,0.9340699815837937,148,2536,2715,1,0,180,23,0,13
1,2.049673202614379,74,1568,765,0,0,330,83,0,11
1,3.286718200983837,149,4677,1423,1,1,403,22,0,17
1,1.4070932922127988,35,1825,1297,1,0,104,29,0,19
1,0.8756388415672913,150,1028,1174,1,1,447,1,0,11
1,1.1110003985651653,138,5575,5018,1,0,142,40,0,14
1,6.874254143646409,131,31106,4525,1,1,1000,291,0,10
1,2.339269406392694,135,10246,4380,1,1,97,1,0,13
1,0.11842900302114803,148,784,6620,1,1,34,4,0,18
1,0.40985802303777125,150,3060,7466,0,0,53,1,0,16
1,0.4989612188365651,13,1441,2888,0,0,1000,30,0,8
1,1.7201820940819423,66,5668,3295,0,0,222,72,0,14
1,0.7325383304940375,48,860,1174,1,0,1,4,0,10
1,2.450980392156863,100,6625,2703,1,1,161,33,0,18
1,1.4650967199327165,126,6968,4756,0,1,35,89,0,18
1,1.7329545454545454,134,1220,704,0,0,10,17,0,14
1,1.8163558106169297,60,1266,697,1,1,979,47,0,14
1,0.1705288985823337,111,1251,7336,1,0,27,8,0,13
1,2.187263556116015,94,3469,1586,0,1,284,52,0,9
1,3.1751592356687897,25,997,314,0,0,315,20,0,14
1,0.36296462158531123,94,1621,4466,1,0,344,4,2,14
1,4.358020358020358,22,12416,2849,0,0,206,5,0,11
1,0.864417845,31,3972,4595,0,0,47,0,0,13
1,0.49068825910931174,138,606,1235,0,0,43,0,0,13
1,4.161375661375661,59,6292,1512,0,0,1000,1256,0,13
1,0.639751553,87,309,483,0,0,531,4,0,24
1,0.603202847,107,339,562,1,1,75,0,0,7
1,10281,100,10281,0,0,1,124,205,0,17
1,6.010309278350515,66,2915,485,0,1,96,9,0,16
1,0.5075367296317497,114,2660,5241,1,1,163,21,0,22
1,28.007425742574256,114,22630,808,0,1,92,66,0,16
1,2.0965517241379312,149,7296,3480,0,1,1000,186,1,13
1,22,0,22,0,0,0,0,0,0,14
1,0.7233400402414487,39,2157,2982,1,0,305,10,0,15
1,1.7744937055281882,127,3242,1827,0,1,192,14,0,10
1,2.6003861,81,1347,518,0,0,385,1,0,7
1,3.463917525773196,100,1680,485,0,1,304,30,0,17
1,2.7260755048287972,148,3105,1139,1,1,329,160,0,10
1,3.2807131280388977,95,10121,3085,1,0,420,82,0,10
1,1.1207430340557276,0,724,646,1,1,16,0,2,15
1,0.12544802867383512,128,210,1674,0,0,54,0,1,13
1,0.10186005314437556,85,345,3387,0,0,0,0,0,18
1,0.11896348645465253,91,404,3396,0,0,0,0,0,25
1,3.0167785234899327,133,11687,3874,0,0,1000,0,1,14
1,1.6764275256222547,116,1145,683,0,0,152,32,0,12
1,0.48,63,24,50,0,0,8,0,1,16
1,16.066666666666666,59,241,15,0,0,19,2,0,10
1,1.398443291326909,57,3773,2698,0,0,63,3,0,9
1,1.3808621506395073,70,2915,2111,0,0,143,44,0,11
1,1.5683200432490878,106,11604,7399,0,1,1000,300,0,10
1,2.3415233415233416,39,1906,814,1,1,191,89,0,21
1,2.502514584590626,106,12440,4971,1,0,25,18,0,10
1,0.743455497,133,284,382,0,0,16,8,0,12
1,3.034080717488789,116,3383,1115,1,1,244,37,0,10
1,1.8163924342611102,62,11812,6503,1,1,449,291,0,20
1,47.68021680216802,0,35188,738,1,1,1,23,0,13
1,3.473572938689218,86,1643,473,0,0,49,2,0,21
1,8.816232771822358,100,5757,653,0,1,1000,153,0,9
1,0.8471337579617835,139,798,942,1,1,62,0,0,17
1,1.4555984555984556,113,377,259,0,0,1,0,0,11
1,2.2451499118165783,86,1273,567,1,0,376,17,0,8
1,9.075757575757576,113,6589,726,1,1,590,85,1,9
1,1.742808798646362,23,1030,591,0,0,22,0,0,9
1,1.7808539026017345,148,5339,2998,1,0,252,80,0,28
1,8.791466922339406,113,18339,2086,0,1,571,17,3,11
1,1.3411122144985104,25,2701,2014,0,1,22,9,0,13
1,5.272422576752916,81,39327,7459,1,1,695,1359,0,13
1,0.5852302805717311,150,2211,3778,0,0,17,5,0,14
1,1.1144833742468199,129,4994,4481,1,0,320,717,0,20
1,1.1398521887436044,26,2005,1759,0,0,18,20,0,13
1,1.1916977611940298,133,2555,2144,0,0,317,77,0,10
1,0.6391752577319587,137,806,1261,1,0,99,3,0,9
1,0.890032154,122,1384,1555,1,1,135,5,0,18
1,0.6360436466033087,136,1807,2841,1,1,76,0,0,19
1,7.751135331516803,128,17068,2202,1,1,1000,876,0,12
1,0.45964912280701753,150,2751,5985,0,0,117,14,0,13
1,0.8802479008396641,26,4403,5002,0,1,285,45,0,17
1,1.1308102616205233,47,4452,3937,1,0,106,1,0,13
1,2.3202702702702704,150,13736,5920,1,1,1000,12,0,12
1,0.9790849673202614,73,1498,1530,0,1,302,121,0,10
1,33.51213282247765,39,52480,1566,0,1,408,9,0,15
1,8.233380480905234,125,23284,2828,1,1,63,27,0,13
1,7.137820512820513,26,11135,1560,0,0,92,603,0,25
1,0.35964912280701755,93,656,1824,1,0,191,2,0,19
1,13.521613832853026,142,4692,347,1,1,119,55,0,15
1,46,119,1104,24,1,0,9,18,0,12
1,2.4894472361809044,72,2477,995,1,1,112,12,0,20
1,0.9124809741248098,48,1199,1314,1,0,21,0,0,15
1,1.888689407540395,23,5260,2785,1,0,578,97,0,16
1,2.6363636363636362,143,2900,1100,0,1,33,1,0,12
1,65.60836909871244,140,61147,932,0,1,39,6,0,13
1,1.7105263157894737,100,65,38,0,1,4,0,0,11
1,1.4254192409532216,53,1615,1133,0,1,164,14,0,6
1,15.669248644461657,56,20229,1291,1,0,233,262,0,8
1,0.7319461444308446,150,598,817,1,1,63,1,0,9
1,0.9186046511627907,139,553,602,0,1,16,0,2,8
1,0.092511013,141,63,681,0,1,1,1,0,16
1,1.7235993208828524,52,10152,5890,1,1,539,7,2,13
1,1.029845035393151,83,5383,5227,1,0,906,143,0,15
1,4.897103658536586,150,6425,1312,1,1,119,4,0,15
1,1.7069301002843886,119,11404,6681,1,1,500,165,0,17
1,1.6322498406628425,121,2561,1569,1,1,166,95,0,16
1,255.24497487437185,146,203175,796,0,1,132,3,0,18
1,2.7070158102766797,144,10958,4048,1,1,253,204,0,8
1,2.3554016620498617,148,17006,7220,0,1,1000,1074,0,30
1,12.66644908616188,69,19405,1532,0,0,315,166,0,19
1,0.068781986,102,336,4885,0,1,3,0,0,16
1,0.9852941176470589,92,2412,2448,1,1,219,2,0,14
1,2.031024224,81,4779,2353,1,1,479,146,0,11
1,1.4623376623376623,150,2252,1540,1,0,265,0,0,14
1,0.9768818198631404,143,5282,5407,1,1,327,26,0,11
1,1.2275950999355254,119,3808,3102,0,1,423,180,0,27
1,4.680813439434129,28,5294,1131,0,1,49,12,0,14
1,2.8893129770992365,141,12869,4454,1,0,676,119,4,17
1,1.082066869300912,80,3560,3290,1,1,108,7,0,14
1,2.5258620689655173,132,4981,1972,1,1,476,37,0,20
1,9.560600375234522,149,25479,2665,1,1,862,465,0,9
1,8.209770114942529,141,14285,1740,0,1,188,6,0,9
1,1.909830007390983,77,2584,1353,0,0,18,1,0,16
1,14.289855072463768,20,1972,138,1,0,39,1,0,10
1,7.940677966101695,102,58094,7316,1,1,612,160,0,15
1,0.697389886,58,855,1226,0,1,5,3,0,14
1,85,77,85,0,1,0,9,1,0,18
1,1.933272395,118,6345,3282,1,1,343,70,0,18
1,0.7372641509433963,6,1563,2120,0,1,121,3,0,7
1,4.179354838709678,148,19434,4650,1,1,1000,67,2,6
1,14.654822335025381,113,5774,394,0,1,584,45,0,12
1,1.3759512937595129,59,904,657,1,0,36,3,0,19
1,1.164415283674257,144,3017,2591,0,1,722,24,0,13
1,2.136842105263158,0,609,285,0,0,16,0,0,19
1,1.373602892833662,0,8357,6084,1,1,813,267,0,19
1,0.7717314487632508,145,1092,1415,1,1,563,56,0,13
1,5.5320987654320986,148,8962,1620,1,1,1000,65,0,12
1,7.010810810810811,41,2594,370,1,0,102,5,0,12
1,6.848651960784314,138,11177,1632,0,1,743,171,0,15
1,5.147552447552448,83,7361,1430,0,0,149,1,0,7
1,2.9868173258003767,100,4758,1593,1,1,92,32,0,19
1,3.5194300518134716,53,2717,772,0,1,292,29,0,11
1,1.5887191539365453,144,1352,851,0,1,54,1,0,24
1,1.641068447412354,91,2949,1797,1,1,149,162,0,15
1,1.8459958932238194,132,1798,974,0,1,32,104,0,8
1,2.0304653498493472,22,12130,5974,1,0,1000,729,0,11
1,0.8496819551389354,89,2538,2987,1,1,44,62,0,10
1,1.0193587416817906,37,1685,1653,1,1,170,433,0,20
1,0.4350225790265931,97,1734,3986,1,1,52,0,0,16
1,1.8181289947704822,96,3129,1721,1,1,110,59,0,12
1,0.9041811846689896,26,519,574,0,1,24,3,0,9
1,7.7456445993031355,125,24453,3157,1,0,340,9,0,21
1,1.179406731317741,140,4135,3506,0,1,97,107,0,13
1,9.048550236008092,131,13419,1483,1,1,147,61,0,22
1,6.178960872354073,0,9633,1559,1,1,326,14,0,6
1,1.4469026548672566,150,9810,6780,0,1,256,128,0,15
1,3.5846560846560847,125,2710,756,0,0,42,0,0,13
1,8.343614248479582,118,19207,2302,1,0,84,21,0,12
1,2.310647307924985,99,7639,3306,1,0,88,21,0,8
1,0.5270541082164328,11,526,998,0,0,27,1,0,15
1,5.509991311902693,144,12684,2302,1,1,1000,457,0,13
1,2.670826550913366,149,14767,5529,0,0,228,263,0,19
1,1.2280676809327455,137,8637,7033,1,1,684,39,0,10
1,2.771153846153846,77,2882,1040,0,1,14,4,0,9
1,1.5109284840006993,143,8641,5719,1,1,127,184,0,8
1,12.132978723404255,106,4562,376,0,1,111,69,2,11
1,2.2394929953302203,149,13428,5996,0,0,239,135,0,22
1,4.289323678940071,138,27842,6491,1,0,741,19,0,7
1,11.316526610644258,114,8080,714,0,0,18,0,0,13
1,1.626567481402763,141,7653,4705,1,1,312,243,0,20
1,2.1409660611181525,22,15203,7101,1,1,598,50,0,11
1,0.26947040498442365,0,173,642,0,0,2,0,2,13
1,3.1778471138845554,131,2037,641,1,1,308,15,3,7
1,1.5415267517349451,44,6886,4467,0,0,62,5,0,13
1,2.2413431269674713,145,14952,6671,1,1,279,52,0,19
1,0.6175788497217068,148,2663,4312,1,0,359,4,2,16
1,0.10752688172043011,68,150,1395,0,0,0,1,2,24
1,558.5,119,1117,2,1,0,10,20,0,12
1,0.45550351288056207,92,389,854,0,0,15,1,0,9
1,2.8731414868105514,88,11981,4170,0,1,360,7,0,12
1,2.096422073984233,44,3457,1649,0,1,19,7,1,9
1,1.9502139245429795,147,5014,2571,1,1,502,164,0,13
1,2.8061558611656845,134,8570,3054,1,1,88,65,0,11
1,3.695570805,129,5924,1603,1,1,93,9,2,10
1,8.435246996,133,6318,749,1,1,95,24,0,7
1,10.090411324786325,98,75557,7488,0,0,672,2978,0,14
1,0.6418572891771935,66,3760,5858,1,0,199,4,0,20
1,1.2636152954808806,0,2181,1726,0,1,0,1,4,8
1,1.816822429906542,149,1944,1070,1,1,12,0,0,11
1,0.9340659340659341,133,1785,1911,1,1,245,38,0,19
1,1.0726637554585152,148,6141,5725,1,1,51,69,0,16
1,5.4588100686498855,121,4771,874,1,1,385,10,0,9
1,0.3797627606038821,146,2113,5564,1,0,1000,531,0,13
1,4.306149733,67,6442,1496,1,1,559,7,0,11
1,8.82974359,80,25827,2925,1,1,306,129,0,9
1,10.073161340007701,94,26160,2597,1,1,356,615,0,7
1,0.9815342837746096,105,7229,7365,1,1,1000,593,0,9
1,0.8074424099232133,0,1367,1693,0,0,21,4,0,9
1,0.9072388383181621,150,2093,2307,1,1,360,76,0,13
1,0.8307849133537207,77,1630,1962,1,1,265,213,0,20
1,3.2887596899224807,139,23758,7224,1,1,1000,737,0,13
1,1.3051738761662426,100,7694,5895,1,1,115,10,2,13
1,1.6302619958787166,116,5538,3397,1,1,499,209,0,11
1,0.8707482993197279,59,768,882,0,1,3,5,0,7
1,1.0128388017118402,133,1420,1402,0,1,40,125,0,9
1,4.6297529836247575,142,16681,3603,0,1,522,66,0,20
1,1.4014727540500735,149,4758,3395,1,0,573,127,0,11
1,0.7866553336166596,31,5553,7059,1,1,748,70,0,12
1,5.879518072289157,150,10736,1826,1,1,621,68,0,14
1,7.613357341627108,132,46510,6109,1,1,672,8963,0,17
1,0.31674369001066477,137,891,2813,1,1,749,56,0,12
1,0.5682574916759157,150,1536,2703,1,1,77,45,0,13
1,4.8953323903818955,141,17305,3535,1,1,695,89,0,17
1,2.7114568599717113,44,1917,707,0,1,121,45,0,13
1,1.9593686056708566,92,13406,6842,1,1,237,8,0,13
1,0.5716783216783217,148,654,1144,1,1,299,4,0,13
1,11.142020497803808,144,22830,2049,1,0,858,58,0,10
1,1.1437049597286986,113,2698,2359,1,1,444,26,0,14
1,0.2585227272727273,92,819,3168,1,1,186,8,0,15
1,5.037037037037037,103,21624,4293,1,1,1000,119,0,13
1,11.872021783526208,87,17440,1469,1,1,335,760,0,16
1,0.5052878965922444,131,860,1702,0,0,40,3,0,12
1,3.04,79,22800,7500,1,1,688,42,0,12
1,0.39534382410002156,147,1834,4639,1,1,404,285,0,24
1,0.5557395143487859,140,1007,1812,1,1,112,18,0,21
1,1.4970493051589568,75,7864,5253,1,1,1000,249,0,11
1,2.076614020504295,124,14989,7218,1,1,1000,197,0,14
1,0.283203125,141,580,2048,0,1,87,5,0,14
1,0.8404575556893438,76,2792,3322,0,1,90,2,0,14
1,0.4981299672744273,116,2131,4278,1,1,48,73,1,9
1,4.904761904761905,21,206,42,1,1,6,2,0,8
1,1.8400830737279334,127,1772,963,0,0,15,22,0,8
1,1.2677632465956585,123,9403,7417,1,1,430,232,0,9
1,0.11092108477889079,145,454,4093,0,0,0,0,0,8
1,0.5838998211091234,68,1632,2795,0,1,9,1,0,13
1,0.5594253373966043,116,3855,6891,1,0,111,2,0,13
1,1.620408163265306,107,397,245,1,1,158,0,0,12
1,33.09388646,0,15157,458,0,1,80,4,0,15
1,13.230372492836675,141,23087,1745,1,1,1000,449,2,6
1,0.5944355270197966,123,1111,1869,1,1,1000,17,2,15
1,19.32579185520362,79,4271,221,0,1,84,121,0,11
1,0.18294849023090587,129,927,5067,1,0,11,0,0,27
1,3.7326283987915407,84,7413,1986,0,0,149,534,0,7
1,8.767716535,150,4454,508,1,0,34,40,0,12
1,1.200278164116829,141,4315,3595,1,1,201,5,0,12
1,1.7008420009905894,120,3434,2019,0,1,60,11,0,20
1,2.2573449401523393,144,4149,1838,0,1,40,17,0,13
1,2.754004576659039,6,2407,874,0,1,46,5,0,12
1,4.982089552238806,77,6676,1340,0,1,54,104,0,14
1,4.1923076923076925,47,4033,962,0,1,127,32,0,12
1,3.026273241713824,78,14974,4948,1,1,12,0,0,22
1,0.44501486084841935,92,1647,3701,1,1,261,19,0,22
1,2.6236628155755244,133,12263,4674,1,0,450,2810,0,18
1,6.371308016877637,21,1510,237,0,1,5,1,1,10
1,1.0096762188314106,48,2713,2687,1,1,486,41,2,18
1,1.7015209125475286,122,895,526,1,1,645,48,0,14
1,4.522988505747127,114,3148,696,0,1,603,15,0,19
1,16.097040605643496,113,23389,1453,1,1,16,3,0,9
1,1.5770042194092826,37,4485,2844,1,0,258,0,0,18
1,1.0727860897695107,149,2653,2473,1,1,244,14,0,13
1,19.969585928911687,111,54497,2729,1,0,432,150,0,14
1,0.048156509,77,64,1329,0,0,0,0,2,19
1,0.32929782082324455,44,816,2478,0,0,14,0,0,11
1,0.34893243638490784,148,1193,3419,1,1,146,7,0,12
1,0.44414075845575673,143,1300,2927,1,1,171,6,0,19
1,1.4343240651965483,47,1496,1043,0,1,36,13,0,8
1,1.8031007751937984,106,5815,3225,1,1,265,97,0,19
1,1.0101389410439354,83,5380,5326,1,0,909,143,0,15
1,0.8005018820577164,94,1914,2391,1,1,72,71,0,18
1,0.9829059829059829,18,2070,2106,0,0,121,0,0,27
1,5.855339105339105,126,16231,2772,1,1,1000,424,0,9
1,1.7370352250489236,114,7101,4088,1,1,1000,33,0,13
1,0.7136648961854176,144,1478,2071,1,1,237,22,2,13
1,2.5518286905438696,116,13466,5277,0,1,712,56,0,14
1,1.0434782608695652,150,576,552,1,0,122,0,0,11
1,4.143737166324435,144,6054,1461,1,0,219,22,0,13
1,3.096468107538218,0,5874,1897,0,1,166,8,0,10
1,20.493529411764705,93,69678,3400,1,1,180,0,0,11
1,1.5165562913907285,86,458,302,0,0,8,0,0,15
1,11.564321608040201,119,23013,1990,1,1,912,277,0,13
1,0.8267477203647416,11,272,329,0,1,7,0,0,7
1,0.3821900298253089,104,897,2347,1,0,92,4,0,21
1,0.052,0,39,750,1,0,0,0,0,11
1,2.444632290786137,105,2892,1183,1,1,721,20,0,15
1,1.8073022312373226,50,3564,1972,0,1,579,111,0,12
1,1.440940366972477,130,5026,3488,1,1,369,82,0,11
1,0.8882319819819819,0,3155,3552,1,0,31,4,1,6
1,0.8962686567164179,123,2402,2680,1,1,31,20,2,13
1,1.6697936210131332,139,5340,3198,0,1,1000,477,0,8
1,6.407238343658298,81,19651,3067,1,1,79,798,0,16
1,1.0480615187439923,40,3271,3121,0,1,52,41,0,15
1,0.6094339622641509,98,646,1060,0,1,208,16,2,10
1,130.41176470588235,68,2217,17,1,0,3,0,1,13
1,0.8441596271482669,140,5796,6866,1,0,659,134,0,12
1,0.6464076405469937,127,2978,4607,1,1,34,8,0,12
1,0.9796195652173914,135,721,736,0,0,53,28,0,13
1,2.1163590866437283,114,6766,3197,1,1,99,67,0,8
1,6.692664809656453,48,7208,1077,0,1,35,35,0,12
1,6.083573487031701,78,4222,694,0,0,10,6,0,13
1,7.638724460569028,149,40004,5237,1,1,1000,196,0,13
1,3.5588235294117645,5,1815,510,0,0,1000,50,0,12
1,0.1422359377191752,140,1014,7129,1,1,65,6,0,10
1,0.5072314049586777,54,2455,4840,0,0,134,1,0,13
1,0.7508674531575295,81,3246,4323,0,0,143,6,0,17
1,1.086875,86,1739,1600,0,0,17,1,0,13
1,3.738184546136534,150,9966,2666,1,0,143,151,0,16
1,0.2552521008403361,150,1458,5712,0,0,13,0,0,15
1,4.362523540489642,13,9266,2124,1,0,46,5,0,9
1,0.4028352037802717,136,2728,6772,1,1,489,12,3,19
1,3.4111405835543764,68,12860,3770,0,1,61,26,0,11
1,1.1838150289017342,64,3072,2595,1,0,698,104,0,11
1,3.045685279187817,116,2400,788,1,0,6,0,3,17
1,0.8573784006595219,124,1040,1213,0,1,132,14,0,15
1,0.6283595922150139,136,678,1079,0,0,41,3,0,16
1,25.961377870563673,42,24871,958,1,0,1000,5,0,16
1,0.7805429864253394,130,690,884,1,0,14,1,0,14
1,29.65137614678899,73,9696,327,1,1,645,102,0,19
1,9.093403385872739,135,15577,1713,1,1,18,479,0,10
1,46.22018348623853,75,15114,327,1,1,132,11,0,13
1,2.011389521640091,101,2649,1317,0,1,31,11,0,14
1,0.7569721115537849,0,190,251,1,0,23,2,0,10
1,4.3453815261044175,140,32460,7470,1,1,108,57,0,16
1,3.9664804469273744,27,1420,358,0,1,1,117,0,8
1,1.3323699421965318,99,461,346,1,1,165,3,2,12
1,5.603273577552611,70,7189,1283,1,1,223,140,0,12
1,0.20956112852664577,148,1337,6380,0,1,423,4,4,19
1,0.3635405690200211,130,345,949,1,1,9,0,0,9
1,1.18375,147,947,800,1,1,535,225,0,7
1,0.9928028788484606,112,2483,2501,0,1,152,6,0,13
1,6.196323529411765,64,8427,1360,0,1,121,23,0,9
1,1.979498861047836,123,3476,1756,1,1,88,45,0,12
1,1.6258890469416785,88,2286,1406,0,1,236,6,0,11
1,6.957340025094103,132,11090,1594,1,1,36,25,0,13
1,0.44516129032258067,141,69,155,0,1,5,0,0,17
1,1.4389420371412494,17,10228,7108,0,0,119,98,0,14
1,1.282,63,1282,1000,1,1,682,248,0,12
1,3.569689592209373,65,5865,1643,0,0,283,80,0,12
1,1.0930724484399787,148,6201,5673,1,1,1000,214,0,14
1,0.8270725388601037,147,1277,1544,0,1,500,22,0,16
1,2.6932153392330385,65,6391,2373,1,1,385,86,0,19
1,3.1352459016393444,26,3825,1220,0,0,75,5,0,9
1,4.826896865061336,140,21248,4402,1,1,966,627,0,11
1,4.456124314442413,120,9750,2188,1,1,206,57,0,10
1,1.4641604986365406,78,7517,5134,1,1,255,0,0,14
1,0.8732240437158469,108,799,915,1,1,51,3,0,15
1,0.9260700389105059,104,952,1028,1,0,50,5,0,16
1,2.341549295774648,99,1995,852,1,1,24,17,0,17
1,1.4286081811165423,136,5553,3887,1,1,650,58,0,7
1,3.224772511204672,139,23744,7363,1,1,1000,742,0,13
1,5.356294536817102,138,4510,842,1,1,928,238,0,13
1,1.4166406980367716,10,4546,3209,1,0,37,60,0,17
1,2.615839243498818,97,4426,1692,1,1,775,51,0,13
1,3.489215236346948,92,7603,2179,0,1,48,73,0,9
1,49.394805194805194,141,38034,770,1,1,46,1,0,11
1,0.20793950850661624,142,220,1058,1,0,10,0,0,14
1,7.614570361145703,125,24458,3212,1,0,342,9,0,21
1,2.175328227571116,149,7953,3656,0,1,1000,174,4,14
1,2.509394279304543,27,17897,7132,1,1,545,143,0,22
1,1.311611374407583,43,5535,4220,0,1,559,24,0,10
1,0.37736679876706297,132,857,2271,0,0,26,4,0,17
1,0.5422222222222223,149,122,225,1,1,4,1,0,15
1,0.3550847457627119,72,1676,4720,1,1,36,0,0,11
1,1.0482914430951709,22,3712,3541,0,0,150,13,0,8
1,1.2887943262411348,136,4543,3525,1,0,322,492,4,10
1,6.856758212170167,76,12733,1857,1,1,168,75,0,9
1,6.4299835255354205,142,15612,2428,1,1,560,665,0,14
1,0.5460420032310178,91,676,1238,1,1,340,117,0,10
1,1.9725075528700906,94,6529,3310,1,1,1000,370,0,12
1,0.7629565468456764,114,5285,6927,1,1,280,66,0,15
1,0.7748958473323478,98,5766,7441,1,0,194,14,0,16
1,2.4868512110726644,114,7187,2890,0,0,333,64,0,16
1,3.4431554524361947,32,2968,862,1,0,142,103,0,11
1,5.989031078610603,137,6552,1094,1,0,477,69,0,8
1,3.0726643598615917,145,3552,1156,1,1,540,42,0,7
1,1.388244392884764,137,1795,1293,0,0,529,0,2,10
1,1.9122577265584075,77,7301,3818,1,1,9,13,0,10
1,24.072007200720073,86,26744,1111,1,1,101,272,0,13
1,7.076458752515091,143,14068,1988,1,1,1000,114,0,15
1,1.8245192307692308,150,9867,5408,1,1,1000,296,0,9
1,0.6910798122065728,141,736,1065,1,1,63,78,0,16
1,2.031533477321814,149,9406,4630,1,1,868,551,0,10
1,0.12668743509865005,108,122,963,0,0,12,0,0,15
1,5.980687830687831,146,22607,3780,0,0,269,88,0,11
1,0.5113054959564285,125,3098,6059,0,1,44,0,2,12
1,9.084010840108402,0,26816,2952,0,1,1000,16,0,15
1,2.2556869881710644,150,7437,3297,1,1,468,157,0,8
1,2.496996996996997,143,3326,1332,0,1,108,0,0,9
1,0.11619800139437601,0,500,4303,0,0,5,1,0,12
1,0.22486111111111112,144,1619,7200,0,0,65,4,0,13
1,0.8579574039912795,108,5116,5963,0,1,50,41,1,16
1,0.13474747474747475,0,667,4950,0,0,30,1,0,8
1,2.1308482312666412,87,11204,5258,0,1,68,11,0,14
1,0.44693654266958427,74,817,1828,1,0,6,0,0,15
1,2.8356315499172644,133,10282,3626,1,1,452,108,0,16
1,0.258703481,123,431,1666,1,0,13,1,0,18
1,2.3656,39,14785,6250,1,0,186,95,0,11
1,1.6266866566716642,2,1085,667,0,1,11,4,0,9
1,0.5364647713226205,149,434,809,0,0,8,0,0,28
1,1.5436933223413025,143,7490,4852,1,0,379,3716,0,22
1,4.555555555555555,3,41,9,0,0,0,0,2,8
1,1.272162386081193,123,9213,7242,1,1,423,231,0,9
1,0.8161006289308176,0,3244,3975,1,0,54,63,0,16
1,0.7131979695431472,113,562,788,1,0,74,1,0,15
1,1.1102068045363576,146,8321,7495,1,1,790,418,0,13
1,0.2870855148342059,141,987,3438,0,1,110,6,0,8
1,0.2574921135646688,72,1306,5072,0,1,119,2,0,14
1,3.814405487804878,114,10009,2624,1,1,451,108,0,16
1,1.2078113485630066,0,3278,2714,0,0,55,99,3,9
1,0.090022706,0,674,7487,1,0,11,0,2,9
1,2.0034129692832763,148,1174,586,1,0,186,7,4,7
1,7.785461689587426,112,19814,2545,1,1,732,289,0,12
1,0.9318048206937096,43,3170,3402,0,0,191,1,0,17
1,1.5617088607594938,14,987,632,1,0,105,3,0,13
1,1.678609544137826,118,11010,6559,1,1,915,79,0,15
1,0.4738586156111929,134,1287,2716,1,1,58,1,0,23
1,1.9473178234954815,113,10128,5201,1,1,539,572,0,8
1,709.4285714285714,91,9932,14,1,0,100,3,0,9
1,0.7616279069767442,14,1572,2064,0,1,433,5,0,14
1,1.1087402544111613,145,5404,4874,0,1,222,6,0,22
1,0.726507241,39,2157,2969,1,0,305,10,0,15
1,1.1401869158878504,94,1342,1177,1,1,1000,206,0,11
1,0.8490230905861457,142,956,1126,1,1,93,7,0,19
1,2.255863539445629,26,1058,469,0,1,40,50,0,15
1,2.1931464174454827,17,2112,963,0,1,151,174,1,9
1,2.2004357298474946,0,1010,459,1,0,10,1,3,8
1,0.4555903866248694,12,872,1914,0,1,4,0,4,13
1,2.748995983935743,30,1369,498,1,1,12,7,0,10
1,5.619257274119449,90,29355,5224,1,0,534,1003,0,12
1,0.8018099547511313,92,886,1105,0,1,303,15,2,10
1,1.6823027718550108,81,1578,938,1,1,23,33,0,14
1,1.5714285714285714,130,979,623,1,0,22,4,0,10
1,0.4754981152396338,132,2649,5571,1,0,38,3,0,15
1,0.22531293463143254,135,162,719,0,0,8,0,1,18
1,0.5441608662026295,64,3518,6465,0,1,12,6,0,10
1,0.3129496402877698,0,174,556,0,0,2,1,2,16
1,2.0206896551724136,143,1172,580,1,1,27,26,0,9
1,0.17137096774193547,122,85,496,0,1,16,0,2,11
1,1.2060773480662983,14,2183,1810,0,0,15,38,0,9
1,0.3804755944931164,61,304,799,0,0,4,0,0,12
1,0.4242544731610338,71,1067,2515,0,1,163,6,0,14
1,0.8061485909479078,65,944,1171,0,1,820,47,0,11
1,0.44514870794734274,40,913,2051,0,0,44,4,0,9
1,1.944845142129826,76,4584,2357,1,1,1000,436,0,8
1,9.123003195,106,5711,626,1,1,133,80,0,10
1,1.076443057722309,149,1380,1282,0,0,49,278,0,10
1,0.8331846565566459,6,934,1121,0,1,532,31,0,9
1,5.505990783410138,20,5974,1085,1,1,111,16,0,11
1,0.35480161012075906,78,617,1739,1,0,0,2,0,18
1,0.3305687203791469,147,558,1688,1,1,84,1,2,18
1,1.7634643377001455,144,2423,1374,0,1,212,53,2,11
1,2.2468354430379747,20,2130,948,1,1,27,152,0,8
1,0.3350687491656655,84,2510,7491,0,0,16,1,0,9
1,3.4829178208679594,128,3772,1083,1,1,295,330,0,15
1,1.1813996316758748,131,3849,3258,1,1,258,27,0,21
1,2.356506239,9,1322,561,0,1,11,32,0,7
1,0.5474878985144384,54,3280,5991,0,1,15,24,0,14
1,1.8890714872637633,81,4598,2434,0,1,15,116,0,11
1,0.35443037974683544,149,196,553,0,0,39,0,0,11
1,1.4236363636363636,129,1566,1100,0,1,261,144,0,12
1,0.7600860677783755,128,1413,1859,1,1,37,36,0,11
1,0.5687563195146613,75,1125,1978,0,1,19,28,0,12
1,1.2245142002989537,4,4096,3345,0,0,6,4,0,9
1,0.7,0,392,560,0,0,37,2,0,7
1,4.260747663551402,136,9118,2140,1,1,12,77,0,9
1,0.783175355,51,661,844,0,1,30,26,0,13
1,0.4639084507042254,18,1054,2272,0,0,11,5,0,7
1,0.5327102803738317,150,171,321,0,0,31,0,0,11
1,0.777602524,88,493,634,1,1,61,7,0,8
1,0.7174402884182064,52,3184,4438,0,0,107,20,1,5
1,0.88874842,31,1406,1582,0,1,36,30,0,9
1,3.1551470588235295,144,21455,6800,1,1,1000,37,0,17
1,3.580402010050251,143,1425,398,1,1,10,3,0,12
1,0.7438051238975221,25,1771,2381,0,0,1,71,2,6
1,2.199810246679317,138,11593,5270,0,0,501,50,0,18
1,1.9716,124,14787,7500,0,1,84,47,0,12
1,5.639269406392694,148,1235,219,1,0,190,10,4,7
1,3.3572433192686355,150,2387,711,0,0,202,29,2,13
1,0.35215736040609136,150,555,1576,0,1,12,0,0,10
1,15.823575949367088,102,40002,2528,0,1,51,231,0,9
1,5.952173913043478,148,4107,690,1,1,102,16,1,12
1,7.990212072,50,14694,1839,1,1,70,50,0,13
1,0.7792494481236203,61,353,453,1,1,140,45,0,11
1,0.4791609163676511,139,1736,3623,0,1,239,3,0,16
1,5.756876663708962,130,6488,1127,0,1,419,104,0,16
1,0.9072828312372039,143,6204,6838,1,1,148,6,0,22
1,7.119791666666667,145,9569,1344,1,1,87,16,0,13
1,0.8247740345110929,44,4015,4868,0,0,41,20,3,18
1,1.4076218041485768,123,2918,2073,0,0,51,14,0,18
1,0.5221270521056388,150,1463,2802,1,1,77,44,0,13
1,1.0857610474631751,73,6634,6110,0,0,4,9,3,13
1,3.2284991568296797,15,7658,2372,0,1,1,0,0,8
1,7.473333333333334,54,5605,750,0,1,216,117,0,8
1,61.03789126853377,99,222300,3642,1,1,300,362,0,10
1,1.870580038,145,10739,5741,1,1,244,580,0,14
1,1.5559502664298401,139,876,563,1,0,27,7,0,25
1,7.887189292543021,102,33000,4184,1,1,37,24,0,9
1,83.65421303656598,108,105237,1258,1,1,36,50,0,16
1,0.6026490066225165,146,546,906,0,1,114,20,1,10
1,115.3943661971831,118,98316,852,1,1,672,6090,0,22
1,1.146180446400503,119,3646,3181,0,1,125,8,0,11
1,0.3189741870600067,148,1903,5966,1,1,18,7,0,9
1,2.010801468999784,127,9308,4629,1,1,260,47,0,17
1,1.0182926829268293,40,668,656,0,0,648,26,0,11
1,1.5420289855072464,135,532,345,0,1,33,1,0,8
1,1.9867424242424243,146,2098,1056,1,1,941,13,0,14
1,13.061881188118813,64,5277,404,1,1,26,194,0,9
1,1.1768813033359193,135,1517,1289,1,0,239,27,0,26
1,4.4544524053224155,86,4352,977,1,0,68,22,0,12
1,0.7680082915874935,135,4446,5789,1,1,239,28,0,14
1,2.7264957264957266,132,6061,2223,0,1,1000,114,0,18
1,2.4684838160136287,75,4347,1761,1,1,81,89,0,17
1,2.5156412930135557,94,4825,1918,1,1,65,94,0,9
1,1.5975609756097562,148,131,82,0,1,103,0,0,13
1,0.5817115435883764,106,4364,7502,1,1,1000,399,0,14
1,24.640304182509507,146,32402,1315,1,1,765,282,0,10
1,5.850450450450451,89,3247,555,0,1,53,51,0,13
1,1.5131045663334235,150,5600,3701,1,1,796,113,1,7
1,1.1628189550425274,144,2871,2469,0,0,46,4,0,7
1,0.6161577116350986,119,1594,2587,1,1,413,18,0,13
1,2.0571553228621293,138,9430,4584,1,1,674,83,0,9
1,12.119817172706497,143,37123,3063,0,1,430,637,0,15
1,3.3530280649926145,148,9080,2708,1,1,926,1009,0,10
1,2.613386978785662,103,7145,2734,0,1,1000,162,2,10
1,1.777931511587686,127,5140,2891,1,0,150,21,0,9
1,1.214080459770115,150,845,696,1,0,23,3,0,18
1,0.7230026338893767,58,1647,2278,1,0,263,0,4,20
1,1.4314442413162705,48,2349,1641,1,0,48,16,0,11
1,3,147,11802,3934,1,1,36,13,2,5
1,7.849093904448106,60,23822,3035,0,0,325,4,0,10
1,0.2708187543736879,75,774,2858,0,0,2,1,0,17
1,11.673684210526316,93,1109,95,0,1,63,11,0,12
1,0.3350071736011478,0,467,1394,0,0,3,0,1,21
1,5.697757111597374,144,20831,3656,1,1,213,219,0,13
1,0.7489096573208722,55,1202,1605,1,0,178,0,0,7
1,0.16533864541832669,108,83,502,0,1,158,0,0,11
1,0.2376470588235294,116,404,1700,0,0,8,0,0,12
1,3.282225237449118,117,9676,2948,1,1,472,1393,0,20
1,1.1005683222139857,19,4454,4047,0,0,112,9,0,12
1,0.6589545844044559,121,769,1167,1,1,215,4,0,14
1,0.5397236614853195,144,2500,4632,1,1,155,253,0,16
1,1.739164696611505,141,6621,3807,1,1,666,184,0,17
1,5.314692982,0,9694,1824,0,0,93,0,1,18
1,1.7914416285832988,127,4312,2407,0,0,364,0,0,24
1,19.30164533820841,56,10558,547,0,1,20,0,1,9
1,14.378378378378379,139,2660,185,0,1,61,68,0,14
1,18.386115444617786,113,23571,1282,1,1,16,3,0,9
1,0.6190613302620213,146,2150,3473,0,1,19,1,0,7
1,1.7201820940819423,66,5668,3295,0,0,222,72,0,14
1,0.7087622395179513,64,2823,3983,1,0,665,104,0,11
1,2.7302767451466337,61,19830,7263,0,1,178,21,0,10
1,8.357142857142858,132,234,28,1,1,96,0,0,19
1,4.8893129770992365,78,1281,262,0,0,17,44,0,17
1,1.3434343434343434,150,4655,3465,1,1,147,25,1,13
1,0.096530612,36,473,4900,1,0,26,0,0,28
1,2.610465116,41,1796,688,0,0,19,0,3,11
1,3.9103232533889467,56,3750,959,1,0,22,0,0,19
1,0.7016583480920947,150,4358,6211,1,0,443,9,4,9
1,2.103066666666667,145,15773,7500,1,0,1000,83,0,8
1,1.6543654365436544,148,3676,2222,1,1,511,35,0,18
1,0.3733867378727192,140,2517,6741,0,1,126,1,0,10
1,12.276194852941176,0,26713,2176,0,1,1000,15,0,15
1,1.493368700265252,141,6756,4524,1,1,7,2,2,12
1,0.6444636678200693,144,745,1156,1,1,8,0,0,17
1,0.8878281622911695,120,1488,1676,1,1,378,0,0,9
1,27.632093198045848,109,73529,2661,0,1,60,55,0,15
1,0.2527121888959796,0,396,1567,0,0,9,0,0,11
1,1.6203380360385529,61,11600,7159,1,1,475,224,0,8
1,4.422997946611909,144,25848,5844,1,1,1000,942,0,15
1,0.5655253837072018,79,1437,2541,0,0,2,1,1,14
1,3.4405940594059405,119,1390,404,0,0,2,0,2,8
1,0.7226590421729807,93,1011,1399,0,0,1,0,2,14
1,1.6970983722576078,95,2398,1413,0,0,152,219,0,17
1,2.7899979670664767,0,13724,4919,0,0,28,3,0,7
1,5.418196328810854,148,6789,1253,0,1,687,119,0,12
1,3.4342206493306664,23,22319,6499,0,1,579,135,0,8
1,1.845609303893477,29,10950,5933,0,0,9,11,0,9
1,1.7047379981173518,127,5433,3187,1,0,28,8,0,8
1,2.9238095238095236,64,614,210,0,0,36,13,0,6
1,6.877825618945102,146,25558,3716,1,1,15,3,3,7
1,2.9347507331378297,112,4003,1364,1,0,458,0,0,11
1,0.2465215840171245,122,1382,5606,1,1,38,12,0,10
1,5.1635245088311175,145,26019,5039,1,1,1000,12,0,9
1,2.0588235294117645,150,105,51,0,1,2,0,0,13
1,19.808718437351118,106,83157,4198,1,1,10,9,0,8
1,2.5853018372703414,125,3940,1524,1,1,145,47,0,8
1,0.6851215826349774,61,4987,7279,0,1,49,50,0,18
1,5.114427860696518,103,5140,1005,1,0,1000,4,1,11
1,0.15619641465315667,83,1002,6415,1,1,173,5,0,11
1,3.9854673998428907,85,10147,2546,1,1,883,44,0,9
0,1.3161764705882353,36,895,680,1,0,138,81,0,8
0,1.4609571788413098,36,580,397,1,0,211,18,0,11
0,1.0314285714285714,0,722,700,0,1,300,251,0,12
0,1.285204991087344,0,721,561,1,0,139,7,0,9
0,1.3848167539267016,66,529,382,0,1,35,0,0,18
0,1.0669586983729662,39,1705,1598,0,1,331,45,0,11
0,1.9166666666666667,33,299,156,0,1,38,1,0,7
0,6.814893617021276,63,3203,470,0,1,769,283,0,5
0,0.6747311827956989,0,502,744,0,0,349,15,3,16
0,0.7759197324414716,81,464,598,0,1,85,24,0,9
0,1.2971938775510203,0,1017,784,1,1,46,35,0,14
0,1.2205169628432957,150,1511,1238,0,1,815,179,0,11
0,0.8486682808716707,87,701,826,1,0,52,11,0,10
0,0.9490445859872612,26,298,314,0,0,2,1,0,14
0,0.8571428571428571,87,372,434,0,0,7,2,0,16
0,1.0119402985074626,0,339,335,0,0,0,0,1,5
0,1.0319767441860466,21,355,344,0,0,7,2,0,13
0,0.877906977,0,151,172,0,0,0,0,0,8
0,0.9064748201438849,8,630,695,0,1,9,5,0,12
0,0.8090379008746356,37,555,686,0,0,16,11,0,12
0,0.98989899,11,294,297,0,0,2,13,0,11
0,0.7017208413001912,76,367,523,0,0,39,7,0,11
0,0.9152542372881356,0,324,354,0,0,2,14,0,8
0,1.0162962962962963,20,686,675,0,1,20,8,0,7
0,0.5935251798561151,44,330,556,0,1,46,26,2,14
0,0.875,4,350,400,0,1,25,12,0,12
0,1.187799043062201,89,993,836,1,0,186,92,0,10
0,1.0151515151515151,10,201,198,0,0,15,31,0,9
0,1.003671970624235,66,820,817,0,0,52,20,1,15
0,1.2587719298245614,59,287,228,0,0,10,13,0,16
0,0.7923930269413629,0,500,631,0,0,25,50,0,11
0,1.248397435897436,2,779,624,0,1,29,38,0,13
0,1.0479846449136276,34,546,521,0,0,77,69,0,14
0,0.9584120982986768,57,507,529,0,0,36,36,0,12
0,0.9377289377289377,83,512,546,0,1,21,29,0,7
0,1.0145278450363195,32,419,413,0,0,54,14,0,9
0,1.2691358024691357,73,514,405,0,0,76,11,0,13
0,0.6590038314176245,80,172,261,0,1,13,7,0,8
0,1.004149377593361,4,242,241,0,0,11,34,0,11
0,0.9920318725099602,13,249,251,0,0,34,13,0,11
0,0.7596153846153846,0,553,728,0,1,84,25,0,9
0,0.659846547,0,258,391,0,0,3,40,0,7
0,0.7288135593220338,0,344,472,0,0,25,26,0,10
0,1.072314049586777,45,519,484,0,0,113,107,0,9
0,1.1391941391941391,16,622,546,0,0,123,67,0,13
0,1.257555847568988,111,957,761,0,1,194,113,0,20
0,0.6245353159851301,0,336,538,0,0,36,21,0,15
0,1.015625,22,390,384,0,0,43,17,0,9
0,0.8536585365853658,35,245,287,0,0,68,28,0,14
0,0.8207070707070707,0,325,396,0,0,1,6,0,12
0,1.3009554140127388,6,817,628,0,0,82,20,0,7
0,0.9310344827586207,22,297,319,0,0,12,45,0,7
0,1.2482100238663485,13,523,419,0,0,57,21,0,12
0,0.9490084985835694,28,335,353,0,0,8,32,0,9
0,0.41778523489932884,13,498,1192,0,0,153,39,0,13
0,0.8602150537634409,4,240,279,0,1,5,2,0,9
0,0.8944099378881988,21,288,322,0,1,14,21,0,9
0,0.7954545454545454,6,210,264,0,0,16,39,0,11
0,1.1218487394957983,14,267,238,0,0,12,4,0,11
0,1.1481481481481481,15,248,216,0,0,21,31,0,10
0,1.0198675496688743,8,616,604,0,1,69,19,0,12
0,0.979498861,10,430,439,0,1,28,6,0,14
0,1.2580645161290323,40,273,217,0,1,23,2,0,7
0,0.7643312101910829,40,240,314,1,0,19,2,0,16
0,0.5403225806451613,27,201,372,0,0,26,10,0,14
0,0.8108395324123273,53,763,941,0,0,491,63,0,9
0,1.009090909090909,0,333,330,0,0,8,58,0,11
0,0.8557919621749409,0,362,423,0,0,1,10,0,15
0,0.629746835,0,199,316,0,0,9,19,0,10
0,1.0381679389312977,44,408,393,1,0,46,61,0,14
0,1.74,19,174,100,0,0,135,0,0,8
0,1.3333333333333333,25,956,717,1,1,60,28,1,16
0,1.0261780104712042,0,196,191,0,0,7,20,0,11
0,0.8314606741573034,0,74,89,0,0,0,11,0,10
0,0.9053763440860215,24,421,465,0,1,75,44,0,15
0,0.8312101910828026,12,261,314,0,0,88,1,0,10
0,0.9915433403805497,8,469,473,0,0,16,41,0,12
0,0.9027777777777778,7,390,432,0,0,67,57,0,12
0,0.901386749,41,585,649,0,1,236,39,4,15
0,0.8891820580474934,26,337,379,0,0,19,29,0,8
0,0.9464285714285714,33,159,168,0,0,7,9,2,10
0,0.7623762376237624,69,308,404,0,0,56,18,0,6
0,1.2805194805194806,74,493,385,0,0,126,29,0,15
0,0.9664948453608248,10,375,388,0,0,26,25,0,10
0,0.9969512195121951,50,327,328,0,1,52,9,2,6
0,1.1362763915547025,26,592,521,0,0,7,2,0,11
0,0.6688206785137318,7,414,619,0,1,113,46,0,12
0,0.6831228473019518,8,595,871,0,0,34,29,0,9
0,1.1216730038022813,0,295,263,0,0,13,6,0,15
0,0.7070707070707071,0,280,396,0,1,44,39,0,10
0,1.0512820512820513,96,287,273,0,1,23,0,0,13
0,0.8977272727272727,0,79,88,0,0,0,5,0,7
0,0.8829787234042553,14,166,188,0,0,3,2,0,12
0,1.0215827338129497,0,142,139,0,0,1,2,2,14
0,0.4933837429111531,43,261,529,0,1,17,5,0,8
0,1.8759493670886076,0,741,395,0,0,40,0,0,9
0,0.519298246,25,148,285,0,0,3,2,0,15
0,0.21203228173147468,0,289,1363,0,0,40,4,4,10
0,0.9910313901345291,0,221,223,0,1,0,0,0,6
0,0.881578947,12,134,152,0,1,3,2,0,11
0,1.0451263537906137,20,579,554,0,1,37,8,0,12
0,0.8032786885245902,0,441,549,0,0,2,7,4,17
0,0.7914798206278026,3,353,446,0,1,60,29,0,8
0,1.017467248908297,25,466,458,0,1,7,3,4,10
0,0.8951612903225806,0,222,248,0,0,0,1,0,10
0,2.118918918918919,0,392,185,0,0,120,0,0,11
0,0.9607250755287009,32,318,331,0,0,8,2,0,6
0,1.0164609053497942,29,247,243,0,0,1,0,0,10
0,0.5389908256880734,0,235,436,0,0,11,2,2,11
0,0.9553571428571429,0,107,112,0,0,0,2,0,18
0,0.89958159,4,430,478,0,0,137,80,0,11
0,0.392,0,49,125,0,0,0,0,0,11
0,0.8064516129032258,84,150,186,0,0,1,2,0,11
0,0.751412429,45,266,354,1,0,33,4,0,19
0,0.45739910313901344,0,204,446,0,0,47,1,0,11
0,0.9285714285714286,0,65,70,0,0,16,8,0,15
0,0.9538461538461539,0,310,325,0,0,40,45,0,11
0,0.7276785714285714,34,326,448,0,1,32,30,0,12
0,0.9966777408637874,32,300,301,0,1,22,24,0,11
0,0.9351851851851852,42,202,216,0,0,17,3,0,6
0,1.0931372549019607,37,669,612,0,1,18,2,0,11
0,0.8333333333333334,75,230,276,0,0,22,0,0,11
0,0.9441860465116279,0,203,215,0,0,12,1,0,13
0,0.875,0,245,280,0,0,7,5,0,9
0,0.8088235294117647,19,110,136,0,0,6,4,4,10
0,0.775811209,8,526,678,0,0,50,83,0,9
0,0.8589743589743589,0,469,546,0,0,34,115,0,9
0,3.953333333333333,10,1186,300,0,1,13,8,0,10
0,0.5273224043715847,27,386,732,0,1,57,28,0,15
0,0.8717948717948718,0,170,195,0,0,0,1,0,7
0,1.1457142857142857,14,401,350,0,0,42,1,0,11
0,1.0030674846625767,0,327,326,0,0,7,14,0,9
0,0.896797153,29,504,562,0,0,7,1,0,11
0,0.9627659574468085,0,181,188,0,0,7,10,0,11
0,1.0302013422818792,46,307,298,0,0,134,84,0,11
0,2.991565452091768,126,17734,5928,1,1,252,54,0,10
0,0.7798036465638148,0,556,713,0,0,63,90,0,9
0,0.8606811145510835,0,278,323,0,1,134,12,0,8
0,0.8157303370786517,42,363,445,0,0,72,20,0,11
0,0.8810068649885584,0,385,437,0,0,53,60,0,7
0,0.6852459016393443,9,209,305,0,0,403,35,0,10
0,0.9842738205365402,53,1064,1081,0,0,412,230,0,12
0,0.6963788300835655,6,250,359,0,1,35,20,0,8
0,0.9208731241473397,11,675,733,0,0,112,118,0,7
0,1.0065934065934066,41,458,455,0,1,21,21,0,12
0,0.942,25,471,500,0,0,133,44,0,10
0,0.9728997289972899,35,718,738,0,1,182,28,0,13
0,0.432258065,0,134,310,0,0,32,6,0,6
0,0.777292576,1,356,458,0,1,23,13,0,7
0,1.0390879478827362,18,319,307,0,1,127,13,0,9
0,0.913477537,34,549,601,0,0,89,45,0,9
0,1,58,600,600,0,0,58,0,0,13
0,0.953968254,0,601,630,0,0,215,27,0,9
0,1.0177332305319968,138,1320,1297,0,1,129,71,0,14
0,0.9324894514767933,42,221,237,0,0,32,26,1,13
0,0.9487870619946092,116,352,371,0,0,32,10,0,9
0,0.5708154506437768,98,133,233,0,0,28,31,0,15
0,0.9220430107526881,0,343,372,0,0,24,5,0,10
0,0.9156327543424317,0,369,403,0,1,83,16,0,9
0,1.1307506053268765,35,467,413,0,1,36,22,0,16
0,0.6835066864784547,0,460,673,0,1,250,164,0,7
0,0.6655844155844156,0,205,308,0,0,26,1,0,10
0,0.8112745098039216,30,331,408,0,0,23,63,0,12
0,0.5884194053208138,19,376,639,0,0,61,12,0,7
0,0.9576612903225806,0,475,496,1,1,30,41,0,7
0,1.0934959349593496,22,269,246,0,0,13,8,0,12
0,0.9594594594594594,0,497,518,0,0,4,28,0,11
0,0.7665441176470589,34,417,544,0,0,7,6,0,8
0,1.0029850746268656,41,336,335,0,1,110,32,0,7
0,0.9455252918287937,22,243,257,0,0,4,30,0,9
0,1.0119047619047619,0,255,252,0,1,22,11,0,8
0,0.7302325581395349,33,314,430,0,0,47,49,0,9
0,0.9331619537275064,20,363,389,0,0,24,8,0,7
0,1.2,19,618,515,0,1,59,11,0,9
0,0.875,21,322,368,0,0,34,52,0,15
0,1.0585365853658537,35,651,615,0,0,61,22,0,9
0,0.9072164948453608,33,528,582,0,0,56,9,0,13
0,0.96875,0,341,352,0,0,4,0,0,10
0,0.883495146,139,546,618,0,1,178,29,0,11
0,0.9970414201183432,43,337,338,0,0,68,12,0,8
0,1.4794520547945205,25,108,73,0,0,46,4,0,13
0,0.6118721461187214,2,268,438,0,1,15,34,0,10
0,0.9358974358974359,88,511,546,0,0,171,36,0,7
0,0.9813953488372092,17,633,645,0,0,121,50,0,9
0,0.9721189591078067,0,523,538,1,1,314,58,0,12
0,0.5304740406320542,0,235,443,0,0,39,5,0,14
0,1.1242105263157895,22,534,475,0,1,18,5,0,15
0,0.6838235294117647,18,186,272,0,0,25,12,0,11
0,0.550251256,0,219,398,0,0,23,1,0,11
0,0.4028985507246377,22,417,1035,0,0,29,15,0,10
0,2.1963636363636363,149,1208,550,0,1,37,0,0,13
0,0.8198433420365535,82,314,383,0,0,47,31,0,10
0,0.5249169435215947,6,316,602,1,1,32,1,0,12
0,0.8455882352941176,22,230,272,0,0,16,9,0,10
0,0.8508997429305912,0,331,389,0,0,61,51,0,12
0,0.7300613496932515,0,357,489,0,0,44,54,0,11
0,0.7378964941569283,6,442,599,0,0,82,10,0,10
0,1.8476190476190477,41,194,105,0,1,14,0,0,7
0,1.0591715976331362,0,179,169,0,0,17,4,0,9
0,1.0470588235294118,0,89,85,0,0,2,7,2,14
0,0.9473684210526315,18,288,304,0,0,0,0,0,12
0,0.5551142005958292,7,559,1007,0,1,559,52,0,7
0,0.8149779735682819,32,370,454,0,0,48,29,0,7
0,2.539325842696629,108,226,89,0,1,87,15,0,18
0,0.4861878453038674,0,88,181,0,1,86,0,0,17
0,1.154518950437318,6,396,343,0,0,22,44,0,10
0,1.0701754385964912,33,244,228,0,1,17,6,0,11
0,0.7433333333333333,14,223,300,0,1,17,24,0,13
0,5.896226415,35,625,106,1,0,114,39,0,9
0,0.745,0,298,400,0,0,99,19,2,14
0,2.3545454545454545,0,259,110,1,1,138,3,0,8
0,0.6201342281879194,10,462,745,0,1,15,2,0,10
0,0.5025125628140703,13,300,597,0,1,265,70,0,6
0,0.7900552486187845,0,286,362,0,0,7,5,0,9
0,0.8571428571428571,21,120,140,0,0,15,1,0,7
0,1.37,137,685,500,1,1,72,31,0,14
0,0.759515571,0,439,578,0,0,2,81,0,8
0,1.0862745098039215,16,554,510,0,1,40,37,0,14
0,0.5097323600973236,54,419,822,0,0,69,24,0,13
0,1.08,0,108,100,0,0,1,6,0,15
0,0.7493188010899182,0,275,367,0,0,99,22,0,14
0,0.7894736842105263,57,315,399,0,1,46,15,0,11
0,1.539711191,46,853,554,0,0,48,32,0,8
0,0.43089430894308944,9,159,369,0,0,72,8,0,13
0,0.970679012,0,629,648,1,0,240,83,0,11
0,0.8516320474777448,60,287,337,0,0,22,61,0,14
0,0.2471116816431322,90,385,1558,0,0,27,8,0,14
0,1.0074906367041199,0,269,267,0,0,0,11,4,9
0,0.9809523809523809,42,206,210,0,0,11,1,0,10
0,1.1978609625668448,146,224,187,0,1,78,17,2,8
0,0.9912472647702407,47,453,457,0,1,162,1,0,10
0,0.9769452449567724,7,339,347,0,0,64,17,0,13
0,0.37589928057553956,0,209,556,0,0,11,23,0,8
0,0.17613967022308438,22,908,5155,0,0,30,14,0,9
0,0.8669724770642202,14,189,218,1,0,33,46,0,15
0,0.9249329758713136,0,345,373,1,0,9,5,0,16
0,0.35964912280701755,0,82,228,0,0,29,2,0,12
0,0.7931034482758621,0,23,29,0,0,0,0,0,15
0,0.9606299212598425,0,244,254,0,0,81,27,0,11
0,0.35492957746478876,7,126,355,0,1,58,4,0,11
0,1.0063091482649842,15,319,317,0,1,36,4,4,21
0,0.9087378640776699,26,468,515,0,0,0,9,0,12
0,0.5377358490566038,0,57,106,0,0,44,6,1,14
0,1.544378698224852,16,261,169,0,1,56,0,0,8
0,0.6621880998080614,9,345,521,0,1,63,11,0,7
0,0.47368421052631576,3,81,171,0,0,3,2,0,12
0,0.889344262,0,217,244,0,0,38,22,0,14
0,1.119047619047619,20,47,42,0,0,0,1,0,12
0,1,32,431,431,0,0,28,17,0,12
0,0.8314917127071824,0,602,724,0,0,114,57,0,10
0,1.4935064935064934,0,115,77,0,0,2,6,0,9
0,1.0300429184549356,20,480,466,0,0,46,25,0,15
0,1.108695652173913,0,51,46,0,0,43,0,0,8
0,0.8160762942779292,48,599,734,0,0,52,5,0,12
0,0.8,33,664,830,0,1,39,32,0,13
0,1.590834697217676,23,972,611,1,1,61,9,0,12
0,0.9366883116883117,19,577,616,0,0,3,23,0,10
0,0.9943181818181818,12,175,176,0,0,47,2,2,12
0,0.9207920792079208,10,93,101,0,0,0,0,0,11
0,0.8240343347639485,40,192,233,0,1,9,1,1,10
0,2.5526315789473686,76,873,342,1,0,400,7,0,7
0,1,107,202,202,0,0,45,32,0,10
0,1.1202090592334495,8,643,574,0,1,25,17,0,7
0,46.333333333333336,140,139,3,0,1,14,0,0,14
0,0.8598726114649682,32,405,471,0,0,2,0,0,20
0,0.7738693467336684,0,154,199,0,0,5,5,0,7
0,1.1652173913043478,0,804,690,0,0,162,100,0,11
0,0.9680851063829787,53,182,188,1,0,125,13,0,8
0,2.111111111111111,0,95,45,0,0,1,0,0,10
0,0.8615384615384616,0,56,65,0,0,2,0,0,10
0,1.070460704607046,18,395,369,0,0,17,30,0,13
0,0.9252336448598131,0,99,107,0,0,6,0,0,8
0,2.350515463917526,10,228,97,0,0,84,0,0,11
0,0.6515151515151515,0,301,462,0,0,78,47,0,17
0,0.5870535714285714,42,263,448,0,0,91,74,0,14
0,2.624817518248175,2,1798,685,0,0,111,25,0,14
0,0.9113924050632911,0,72,79,0,0,9,0,0,20
0,1.182094081942337,24,779,659,0,1,391,83,0,11
0,0.5915151515151515,139,488,825,0,0,195,0,0,11
0,0.6153846153846154,34,88,143,0,0,5,4,0,8
0,1.038560411311054,69,404,389,1,1,119,47,0,8
0,1.0283687943262412,137,145,141,1,0,18,1,0,13
0,2.2222222222222223,0,1000,450,0,0,93,9,0,11
0,1.1175059952038369,0,466,417,0,0,71,24,2,11
0,0.7474747474747475,39,74,99,0,1,5,9,0,12
0,1.2107023411371238,66,724,598,0,0,200,57,0,7
0,0.8816326530612245,0,216,245,0,0,18,96,0,13
0,0.8637362637362638,17,393,455,0,1,193,18,0,8
0,0.8901960784313725,136,227,255,0,1,10,6,0,10
0,0.995085995,23,405,407,0,0,119,90,0,6
0,1.1274509803921569,24,115,102,0,1,11,1,0,6
0,0.8504672897196262,69,182,214,0,1,13,3,0,12
0,0.6823104693140795,0,189,277,0,0,17,0,0,12
0,0.6970684039087948,49,214,307,1,0,126,16,0,9
0,0.9292035398230089,17,420,452,0,0,4,0,0,12
0,1.0252808988764044,23,365,356,0,0,81,48,0,7
0,1.2284122562674096,75,441,359,1,1,223,65,0,13
0,1.0811638591117918,22,706,653,0,1,73,34,0,8
0,1.0804020100502512,3,215,199,0,0,0,1,0,17
0,0.946078431,33,579,612,0,0,19,27,0,8
0,0.37362637362637363,27,238,637,0,0,21,0,0,12
0,0.5946902654867257,0,336,565,0,0,207,55,0,8
0,0.6172106824925816,0,208,337,0,0,95,1,0,8
0,1.2173913043478262,148,280,230,0,1,152,0,0,13
0,0.8258064516129032,106,256,310,0,0,28,5,0,10
0,0.7913279132791328,12,292,369,0,1,98,11,0,7
0,0.674496644,9,201,298,0,1,433,14,0,10
0,0.8644578313253012,40,287,332,0,0,0,25,0,14
0,1.0289855072463767,36,213,207,0,1,16,31,0,9
0,0.5902777777777778,0,255,432,0,0,74,4,0,10
0,0.7648953301127214,29,475,621,0,1,153,69,0,11
0,1.066147859922179,32,274,257,0,1,1,8,4,17
0,0.7801418439716312,0,220,282,0,0,58,13,4,14
0,0.9639943741209565,136,3427,3555,1,0,113,10,0,8
0,1.0410958904109588,43,380,365,0,1,4,11,0,11
0,1.0444444444444445,10,188,180,0,1,52,12,0,12
0,1.4964753272910372,144,1486,993,1,1,101,22,2,13
0,0.8683385579937304,13,277,319,0,0,9,30,0,13
0,1.5172413793103448,0,44,29,0,0,4,10,0,15
0,1.125,54,27,24,0,0,1,0,0,11
0,0.9851632047477745,0,332,337,0,0,8,16,0,11
0,0.9453125,0,121,128,0,0,1,0,0,14
0,0.7733990147783252,0,157,203,0,0,57,4,0,13
0,1.5929919137466306,15,591,371,0,1,127,42,0,13
0,0.8571428571428571,6,78,91,0,0,0,1,0,7
0,0.9205298013245033,19,278,302,0,0,0,1,0,15
0,1.016694491,16,609,599,0,0,111,139,0,5
0,1.0534979423868314,44,256,243,0,0,87,21,0,11
0,1.5151515151515151,0,200,132,0,0,357,3,0,14
0,0.8974358974358975,19,490,546,0,1,197,39,2,15
0,0.7031746031746032,52,443,630,0,1,53,66,0,10
0,0.8505494505494505,0,387,455,0,0,65,10,0,12
0,0.7422096317280453,0,262,353,0,1,35,17,0,11
0,0.6463932107496464,10,457,707,0,0,21,20,0,13
0,1.1104477611940298,0,372,335,0,0,294,6,0,6
0,2.876,0,719,250,0,0,106,3,2,15
0,1.33248731,33,525,394,0,1,49,94,0,11
0,1.106060606060606,0,219,198,0,0,6,0,0,12
0,1.3396226415094339,71,71,53,0,0,22,0,0,17
0,0.9657534246575342,5,141,146,0,0,3,0,0,10
0,0.7578125,13,194,256,0,0,6,3,0,12
0,1.0723270440251573,0,682,636,0,0,80,121,0,17
0,1.0836653386454183,0,272,251,0,0,33,15,0,14
0,1.0432432432432432,17,193,185,0,1,34,6,0,12
0,0.8391123439667129,98,605,721,0,0,266,34,0,7
0,0.8895348837209303,0,153,172,0,0,0,4,0,10
0,1.0516129032258064,0,163,155,0,0,2,4,0,11
0,0.8727272727272727,0,192,220,0,0,24,7,0,15
0,1,0,311,311,0,0,116,13,0,10
0,0.983739837,0,242,246,0,0,23,54,0,15
0,0.8544061302681992,12,223,261,0,0,2,0,0,9
0,0.8100358422939068,0,226,279,0,0,50,15,0,13
0,1.1434262948207172,0,287,251,0,0,36,19,0,13
0,0.5205479452054794,34,152,292,0,1,71,4,0,8
0,0.7604562737642585,49,200,263,0,0,24,3,0,9
0,0.6435643564356436,71,520,808,0,0,11,0,2,12
0,0.8798586572438163,59,249,283,0,0,17,50,2,10
0,0.8947368421052632,0,221,247,0,1,28,45,0,12
0,0.9530386740331491,0,345,362,0,0,5,5,0,12
0,0.9814814814814815,2,265,270,0,1,90,30,0,11
0,0.9027237354085603,0,464,514,0,0,28,11,0,7
0,0.6241610738255033,0,186,298,0,0,29,2,0,11
0,1.1228813559322033,0,265,236,0,0,145,3,0,13
0,0.9295302013422819,0,277,298,0,0,10,2,0,13
0,1.0872093023255813,0,187,172,0,0,9,11,0,6
0,1.0382882882882882,18,461,444,0,0,31,19,0,12
0,1.0477001703577513,17,615,587,0,0,31,41,0,7
0,1.0726915520628684,134,546,509,0,1,119,34,0,8
0,0.877906977,64,453,516,0,0,145,74,0,15
0,9564.275229357798,0,6255036,654,0,0,672,665233,1,13
0,0.6079295154185022,0,138,227,0,0,3,11,0,12
0,0.6902887139107612,20,526,762,0,0,149,182,0,10
0,0.9214195183776933,43,727,789,1,0,315,104,0,10
0,0.732,0,183,250,0,0,3,36,1,11
0,3,0,12,4,0,0,0,3,0,8
0,0.7378964941569283,6,442,599,0,0,82,10,0,10
0,0.7444633730834753,0,437,587,0,0,76,90,0,11
0,0.9453781512605042,0,225,238,0,0,55,38,0,15
0,0.5794871794871795,0,113,195,0,0,4,0,0,11
0,0.6666666666666666,0,86,129,0,0,24,18,0,9
0,1.2782978723404255,35,1502,1175,0,0,175,263,0,13
0,0.7461538461538462,0,194,260,0,0,192,4,0,15
0,0.7125307125307125,0,290,407,0,1,274,122,0,8
0,0.827938671,11,486,587,0,0,34,25,0,9
0,0.7124394184168013,39,441,619,0,1,100,29,0,10
0,1.090800477897252,1,913,837,0,1,405,121,2,11
0,1.0424710424710424,78,810,777,0,0,151,68,0,12
0,0.8497757847533632,0,379,446,0,0,192,60,0,10
0,0.5151515151515151,32,272,528,0,0,387,30,0,10
0,0.9160892994611239,0,1190,1299,0,0,481,91,0,14
0,0.5972222222222222,72,516,864,0,1,237,31,0,8
0,0.8706739526411658,46,478,549,0,1,353,37,0,11
0,0.9080118694362018,20,612,674,0,1,63,7,0,11
0,1.254520167,55,902,719,0,1,26,7,0,8
0,0.8284734133790738,23,483,583,0,1,228,87,0,7
0,0.9506849315068493,0,347,365,0,1,369,130,0,15
0,0.5254529767040552,1,609,1159,1,1,974,218,0,13
0,1.2546762589928058,37,872,695,0,1,75,83,0,11
0,0.9910313901345291,21,442,446,0,0,126,63,0,10
0,1,25,466,466,0,1,10,2,2,11
0,0.8129713423831071,0,539,663,0,0,59,50,0,11
0,0.9207920792079208,0,372,404,0,1,193,118,0,12
0,0.8346774193548387,107,414,496,0,1,49,25,0,9
0,0.84962406,0,226,266,0,1,173,4,0,13
0,0.3720038350910834,149,388,1043,0,0,96,57,0,11
0,1.0919732441471572,0,653,598,0,1,309,98,0,7
0,0.6521739130434783,13,585,897,0,1,9,44,0,11
0,0.994269341,0,347,349,0,0,9,13,0,7
0,1.0691699604743083,132,541,506,0,0,202,1,0,16
0,0.8255813953488372,0,142,172,1,0,79,36,0,6
0,0.9755501222493888,70,399,409,0,0,567,59,0,7
0,0.8139723801787165,0,1002,1231,0,1,203,153,0,14
0,0.5039370078740157,0,128,254,0,0,18,66,0,8
0,1.1225296442687747,0,1136,1012,0,1,280,293,0,8
0,0.5990180032733224,0,366,611,0,1,278,42,0,6
0,0.903169014,15,513,568,0,0,684,47,0,9
0,0.9960552268244576,0,1010,1014,0,0,578,314,0,10
0,0.7338403041825095,119,579,789,0,1,207,34,0,11
0,0.8104395604395604,0,295,364,0,1,104,6,0,9
0,0.6625698324022347,0,593,895,0,0,10,13,0,10
0,0.8347107438016529,0,606,726,0,1,36,39,0,9
0,1.2808586762075134,0,716,559,0,0,68,5,0,11
0,1,1,100,100,0,0,16,0,0,13
0,0.8,0,340,425,0,0,63,87,0,5
0,0.8158567774936062,0,319,391,0,0,68,39,0,10
0,0.9938962360122076,135,977,983,0,0,122,155,0,8
0,0.9566563467492261,0,927,969,0,1,263,119,0,13
0,0.9539170506912442,0,414,434,0,0,99,12,0,10
0,0.5600539811066126,0,415,741,0,1,100,2,0,12
0,0.9409282700421941,0,446,474,0,0,10,96,0,15
0,0.8202959830866807,0,388,473,0,0,38,19,0,12
0,0.7562814070351759,0,301,398,0,0,68,11,0,7
0,0.5337078651685393,0,190,356,0,0,167,9,0,6
0,0.8526785714285714,0,191,224,0,0,12,15,0,8
0,0.848,23,212,250,0,1,32,0,4,10
0,0.7878787878787878,84,338,429,0,1,75,4,0,17
0,1.0606060606060606,0,210,198,1,0,9,3,0,12
0,1.0178997613365155,4,853,838,0,0,16,8,0,13
0,1.208695652173913,64,973,805,1,1,31,110,0,14
0,0.6184738955823293,0,308,498,0,1,119,50,0,12
0,0.6548488008342023,0,628,959,0,1,95,40,0,7
0,0.5211970074812967,11,209,401,0,1,48,38,0,10
0,0.5677655677655677,0,155,273,0,0,37,10,0,14
0,0.8244274809160306,6,540,655,0,0,0,3,0,10
0,0.8622222222222222,0,194,225,0,1,2,12,0,10
0,0.935933148,5,336,359,0,1,394,62,0,9
0,0.9211045364891519,0,467,507,0,0,91,76,0,11
0,1.2702702702702702,14,329,259,0,0,102,27,0,10
0,0.8633093525179856,116,360,417,0,1,50,6,1,12
0,0.9614243323442137,0,324,337,0,0,19,68,0,10
0,0.8174904942965779,21,215,263,0,1,16,29,0,10
0,0.7815845824411135,0,365,467,0,0,127,47,0,9
0,0.7261663286004056,44,358,493,0,1,49,44,0,11
0,0.6611195158850227,0,437,661,0,0,14,67,0,9
0,0.7921440261865794,37,484,611,0,0,37,46,0,11
0,1.1555075593952484,0,535,463,0,0,112,57,0,7
0,1.0555555555555556,16,418,396,0,1,302,3,0,12
0,0.3428030303030303,0,362,1056,0,0,297,124,0,12
0,1.1297134238310709,25,749,663,0,0,34,32,0,6
0,0.5869324473975637,41,530,903,0,1,179,7,0,14
0,0.987012987,4,380,385,1,1,5,0,0,11
0,0.7982456140350878,0,91,114,0,0,17,2,1,11
0,1.0634441087613293,0,352,331,0,0,92,33,0,9
0,1.0557377049180328,31,322,305,0,0,99,47,0,11
0,1.037593984962406,31,138,133,0,1,47,12,0,10
0,0.7027027027027027,0,208,296,0,0,0,14,1,7
0,0.9050445103857567,1,305,337,0,0,54,57,0,13
0,0.8171021377672208,0,344,421,0,0,150,29,0,10
0,0.9333333333333333,0,448,480,0,0,25,50,0,9
0,0.8753541076487252,0,618,706,0,0,68,143,0,12
0,0.8294314381270903,18,248,299,0,0,45,326,0,12
0,0.8202898550724638,0,283,345,0,0,65,30,0,8
0,0.9423728813559322,116,278,295,0,1,74,80,0,15
0,0.6044520547945206,0,353,584,0,0,20,67,0,9
0,0.8591549295774648,0,244,284,0,0,3,166,0,9
0,0.9434482758620689,0,684,725,0,0,56,72,0,14
0,0.9269949066213922,0,546,589,0,0,93,119,0,11
0,0.9147540983606557,36,558,610,0,1,162,2,0,10
0,1.1099195710455765,25,414,373,0,1,157,34,0,12
0,1.125,0,342,304,0,0,37,116,0,14
0,0.8698795180722891,0,361,415,0,1,23,45,0,12
0,1.195959595959596,33,592,495,1,0,219,118,0,10
0,1.1356209150326797,18,695,612,0,0,62,33,0,8
0,0.8984881209503239,26,416,463,0,0,22,13,0,10
0,0.7984,20,499,625,0,0,29,8,2,8
0,0.8859060402684564,0,396,447,0,0,232,118,0,10
0,0.8301886792452831,0,572,689,0,0,230,36,0,10
0,1.0025125628140703,0,399,398,0,0,137,96,0,6
0,0.49615384615384617,0,387,780,0,0,43,38,0,9
0,2.019607843137255,0,2060,1020,0,1,91,160,0,11
0,0.7694704049844237,0,494,642,0,0,170,88,0,11
0,0.6848,0,428,625,0,0,155,0,0,14
0,0.5122549019607843,1,418,816,0,0,512,217,0,10
0,0.7265214124718257,14,967,1331,1,1,411,56,0,6
0,0.3752244165170557,0,209,557,0,0,11,23,0,8
0,0.6016949152542372,0,284,472,0,1,24,2,0,10
0,0.7231329690346083,0,397,549,0,1,31,18,0,9
0,0.6487603305785123,0,314,484,0,0,0,1,1,13
0,0.7594339622641509,150,322,424,0,0,6,16,0,14
0,0.9090909090909091,0,100,110,0,0,11,7,0,9
0,0.8464052287581699,31,259,306,0,1,31,0,0,7
0,0.9815950920245399,18,160,163,0,0,16,5,0,14
0,0.6286201022146508,95,369,587,0,1,62,0,0,12
0,0.9788359788359788,0,185,189,0,0,0,0,0,10
0,1.4444444444444444,50,117,81,0,1,6,0,0,9
0,0.7846153846153846,0,204,260,0,0,4,40,0,11
0,0.1464226289517471,65,264,1803,0,0,94,3,3,13
0,1.2779661016949153,0,1131,885,0,1,27,50,0,13
0,0.8900634249471459,56,421,473,0,0,20,1,0,14
0,0.6936416184971098,0,240,346,0,0,34,12,0,11
0,1.1159235668789809,19,876,785,0,1,58,14,4,8
0,0.7965367965367965,0,184,231,0,0,3,3,2,8
0,0.125,0,144,1152,0,0,5,2,0,12
0,0.9743589743589743,0,38,39,0,0,12,0,4,10
0,1.014367816091954,27,353,348,0,0,91,18,0,7
0,0.6973821989528796,76,666,955,1,0,210,46,0,13
0,0.44597126795752656,0,714,1601,0,0,113,0,0,15
0,0.3609550561797753,30,257,712,0,1,76,2,0,9
0,1.054054054054054,0,117,111,0,0,129,32,0,6
0,0.34545454545454546,0,95,275,0,0,11,2,0,12
0,0.7133333333333334,0,107,150,0,0,0,0,0,14
0,0.9220183486238532,25,402,436,0,0,26,28,0,12
0,1.4914285714285713,24,522,350,0,1,3,2,2,9
0,0.9306930693069307,0,282,303,0,0,24,23,0,7
0,0.9854085603112841,46,1013,1028,0,1,450,21,0,9
0,1.425629290617849,0,623,437,0,1,8,4,0,6
0,1.0414201183431953,0,176,169,0,0,62,11,0,9
0,0.7929936305732485,0,249,314,0,1,64,2,0,11
0,0.7575406032482599,90,653,862,0,1,73,8,2,12
0,0.9029850746268657,14,121,134,0,1,43,2,0,13
0,1.1195652173913044,0,515,460,0,1,12,4,0,12
0,0.8857142857142857,103,124,140,0,0,2,16,2,8
0,1.166351606805293,63,617,529,0,0,23,12,0,8
0,0.8043478260869565,12,74,92,0,0,0,0,4,9
0,1.407239819004525,0,1555,1105,0,0,106,106,0,14
0,1.0617977528089888,28,1512,1424,1,1,810,408,0,11
0,1.1263736263736264,133,1025,910,0,1,289,226,0,10
0,1.644859813084112,0,880,535,0,0,191,70,0,13
0,1.5842839036755387,14,1250,789,1,1,222,68,0,11
0,0.8199389623601221,58,806,983,0,1,191,23,1,11
0,0.8203592814371258,0,411,501,0,1,12,24,0,11
0,0.8532423208191127,19,250,293,0,0,15,21,0,16
0,1.5957446808510638,0,150,94,0,0,39,14,2,12
0,0.9725274725274725,0,177,182,0,0,26,60,0,7
0,0.8305647840531561,10,250,301,0,0,1,19,0,7
0,1.3106060606060606,0,173,132,0,0,33,5,0,10
0,0.9040404040404041,24,179,198,0,0,45,22,0,15
0,0.9737762237762237,27,557,572,0,1,24,42,0,11
0,0.6277372262773723,0,430,685,0,0,92,13,2,7
0,1.75,0,7,4,0,0,0,0,2,13
0,0.40866035182679294,0,302,739,0,0,197,212,0,9
0,0.587248322,0,175,298,0,0,4,84,0,16
0,1.0746268656716418,0,504,469,0,0,40,61,0,11
0,1.8181818181818181,0,40,22,0,0,15,0,2,6
0,0.6781609195402298,0,59,87,0,0,0,0,2,12
0,17.7,0,177,10,0,0,0,6,0,5
0,0.8680851063829788,0,204,235,0,0,1,60,0,13
0,0.3630573248407643,28,57,157,0,0,36,0,3,13
0,1.0031847133757963,0,315,314,0,0,22,1,2,11
0,0.4869109947643979,0,279,573,0,1,48,109,0,11
0,0.45367717287488063,0,475,1047,0,0,51,84,0,7
0,0.841743119,0,367,436,0,0,24,13,2,6
0,0.6594594594594595,30,366,555,0,1,77,18,0,10
0,2.168521463,24,1364,629,0,1,120,52,0,12
0,0.8006700167504187,18,478,597,0,0,219,34,0,7
0,0.6057692307692307,0,63,104,0,0,0,1,0,12
0,1.247443762781186,55,610,489,0,1,96,15,0,13
0,1.0514705882352942,0,429,408,0,0,59,15,0,16
0,1.7112676056338028,0,243,142,0,0,2,5,0,10
0,1.2191780821917808,23,445,365,0,0,52,62,0,8
0,0.6881405563689604,0,470,683,0,0,464,115,0,7
0,1.445,51,289,200,0,0,26,15,0,11
0,0.7116182572614108,0,343,482,0,0,44,29,0,12
0,0.6977611940298507,0,187,268,0,1,79,185,0,8
0,0.585081585,1,502,858,0,0,481,96,0,11
0,2.6385964912280704,0,752,285,0,0,49,3,0,5
0,0.8612099644128114,117,968,1124,0,1,116,119,0,12
0,0.75,0,228,304,0,0,72,15,0,8
0,0.4956140350877193,0,226,456,0,0,21,0,4,10
0,0.7792207792207793,54,120,154,0,1,54,0,0,9
0,0.3333333333333333,0,5,15,0,0,1,0,4,16
0,1.111842105263158,8,338,304,0,0,31,2,0,10
0,0.91943128,35,194,211,0,1,7,3,0,10
0,0.39819004524886875,31,88,221,0,1,0,0,0,11
0,0.6785714285714286,0,95,140,0,1,0,0,0,11
0,0.8888888888888888,11,40,45,0,0,0,0,4,10
0,0.8363171355498721,0,327,391,0,0,3,12,0,13
0,0.4444444444444444,0,4,9,0,0,0,0,0,17
0,0.9783393501805054,57,271,277,0,0,22,0,0,16
0,0.9754768392370572,0,358,367,1,1,50,2,0,14
0,0.38028169014084506,0,27,71,0,0,0,0,0,15
0,4.111111111111111,0,37,9,0,0,1,0,0,15
0,0.8342105263157895,30,317,380,0,0,56,22,0,7
0,0.9588550983899821,0,536,559,0,1,13,38,0,7
0,0.7601522842639594,50,599,788,0,1,111,69,0,15
0,11.25,16,135,12,0,0,1,22,0,11
0,0.9643652561247216,139,433,449,0,0,21,53,0,11
0,0.9274553571428571,0,831,896,0,1,207,121,0,14
0,1.0378323108384457,118,1015,978,1,1,569,73,0,10
0,1.0558139534883721,4,227,215,0,0,0,1,2,12
0,0.8641025641025641,0,337,390,0,0,96,112,0,7
0,1.018987341772152,0,483,474,0,0,58,72,0,9
0,0.37250787,33,355,953,0,0,168,50,0,8
0,0.8026819923371648,1,419,522,1,0,281,172,0,12
0,0.669971671,0,473,706,0,0,23,19,2,13
0,0.8967551622418879,0,304,339,0,0,24,60,0,14
0,0.8397932816537468,40,325,387,0,1,687,59,0,11
0,0.8171140939597316,24,487,596,0,0,90,40,0,10
0,1.46,0,73,50,0,0,0,0,0,7
0,0.7260726072607261,1,440,606,0,0,164,47,0,9
0,0.8892128279883382,48,305,343,0,0,35,3,0,13
0,4.487179487179487,0,175,39,0,0,4,20,0,11
0,0.8283752860411899,23,362,437,0,1,45,4,0,10
0,1.0772277227722773,39,544,505,0,1,78,21,0,11
0,0.44569816643159377,0,316,709,0,0,163,38,0,12
0,1.4415781487101669,5,950,659,0,1,100,36,0,13
0,0.9426751592356688,0,148,157,0,0,64,11,0,8
0,0.8823529411764706,42,585,663,0,0,31,61,0,10
0,0.9738095238095238,0,409,420,0,0,57,107,0,10
0,1.0308008213552362,75,502,487,0,0,94,72,0,10
0,0.7428180574555403,0,543,731,0,0,17,159,0,8
0,1.1681681681681682,97,389,333,0,1,1000,24,0,10
0,1.8138351983723295,0,1783,983,0,0,130,182,0,8
0,0.9290123456790124,50,301,324,0,1,160,28,0,6
0,1.2713068181818181,10,895,704,1,1,83,53,0,13
0,1.0996835443037976,49,695,632,0,0,31,53,0,12
0,1.2542372881355932,5,444,354,0,1,65,61,0,12
0,1.0048899755501222,12,411,409,0,1,14,23,1,12
0,0.7752525252525253,22,307,396,0,0,16,15,0,12
0,0.9815195071868583,17,478,487,0,1,73,26,0,5
0,0.46480582524271846,6,383,824,0,0,31,42,0,7
0,0.30428571428571427,13,213,700,0,0,0,23,0,13
0,0.8895348837209303,0,153,172,0,0,0,4,0,10
0,0.7487437185929648,25,745,995,0,0,97,62,0,10
0,0.9044481054365733,0,549,607,0,0,13,36,0,14
0,1.1140350877192982,23,381,342,0,0,41,14,0,7
0,1.0130718954248366,21,310,306,0,1,25,0,0,13
0,1.0215311004784688,0,427,418,0,1,47,6,0,11
0,1.0027027027027027,19,371,370,0,1,38,40,0,13
0,0.6466512702078522,56,280,433,1,0,52,3,0,14
0,1.1585081585081585,0,497,429,0,0,67,74,0,13
0,1.2097186700767264,39,473,391,0,1,61,48,0,13
0,0.9454022988505747,16,329,348,0,1,16,22,0,6
0,0.9311531841652324,0,541,581,0,1,36,11,0,14
0,0.915929204,59,414,452,0,1,79,25,0,10
0,1.0613496932515338,14,346,326,0,0,42,7,0,11
0,1.0052631578947369,6,573,570,0,0,61,65,0,11
0,1.0858283433133733,39,544,501,0,1,46,25,0,9
0,0.6463932107496464,10,457,707,0,0,21,20,0,13
0,0.9479392624728851,0,437,461,0,1,80,20,0,6
0,1.1959798994974875,3,714,597,0,1,112,50,0,13
0,1.0111940298507462,34,271,268,0,1,43,24,0,11
0,1.0155440414507773,126,392,386,0,0,159,7,0,12
0,0.9984051036682615,1,626,627,0,1,96,47,0,17
0,0.8520041109969168,31,829,973,0,1,89,43,0,14
0,0.8747795414462081,14,496,567,0,1,51,33,0,12
0,0.8438818565400844,0,200,237,0,0,25,56,0,6
0,0.8507751937984496,16,439,516,0,0,44,17,0,6
0,0.6757425742574258,0,273,404,0,0,36,22,0,12
0,0.7587131367292225,8,283,373,0,1,14,34,2,14
0,1.1232876712328768,41,410,365,0,1,25,3,0,14
0,1.0106382978723405,0,475,470,0,1,66,46,0,11
0,1.1846473029045643,33,571,482,0,1,74,23,0,7
0,1.252204585537919,33,710,567,0,0,24,2,0,16
0,2,0,2,0,0,0,0,0,0,12
0,1.101336302895323,26,989,898,0,1,613,18,0,9
0,0.995114007,22,611,614,0,0,52,22,0,8
0,0.7100591715976331,22,240,338,0,1,78,36,0,15
0,0.8505494505494505,0,387,455,0,0,66,10,0,12
0,1.090663058186739,0,806,739,0,0,94,52,0,13
0,1.2947368421052632,13,738,570,0,0,35,46,0,14
0,0.8716577540106952,6,326,374,1,1,40,0,0,9
0,1.0980392156862746,0,448,408,0,1,51,11,0,14
0,0.8898305084745762,0,315,354,0,1,37,8,0,13
0,0.8391123439667129,98,605,721,0,0,266,34,0,7
0,0.8523023457862728,66,981,1151,0,0,37,92,0,14
0,1.0190114068441065,0,536,526,0,0,69,208,0,13
0,1.0127551020408163,0,794,784,0,0,27,103,0,11
0,1.694915254237288,102,300,177,0,1,196,0,0,11
0,0.9502262443438914,39,630,663,0,0,165,65,0,15
0,0.875,32,469,536,0,1,94,26,0,11
0,1.0154083204930662,14,659,649,0,0,39,43,0,10
0,1.0954446854663775,10,505,461,0,0,65,28,0,14
0,1.044871794871795,84,489,468,0,0,13,29,0,6
0,0.913961039,8,563,616,0,1,96,51,0,8
0,1.025974025974026,48,316,308,0,0,4,11,0,12
0,0.9483695652173914,33,349,368,0,0,31,15,0,13
0,0.8565121412803532,0,388,453,0,0,56,57,0,10
0,0.804040404,72,398,495,0,1,48,10,0,11
0,1.2097130242825607,35,548,453,0,1,77,33,0,9
0,0.8475836431226765,8,456,538,0,0,30,0,0,11
0,0.598531212,0,489,817,0,0,71,23,0,14
0,0.8833922261484098,59,250,283,0,0,17,50,2,10
0,0.8945686900958466,0,560,626,0,0,79,40,0,11
0,0.924187726,0,256,277,0,0,59,24,0,9
0,0.9044776119402985,22,303,335,0,0,26,23,0,12
0,0.8490566037735849,23,270,318,0,0,12,10,0,11
0,0.9776536312849162,6,175,179,0,0,11,4,0,5
0,1,0,311,311,0,0,116,13,0,10
0,0.6975806451612904,0,173,248,0,0,1,6,0,12